ordinal,name,type,language_id,primary_extension,aliases,interpreters
1,1C Enterprise,programming,0,.bsl,,
2,2-Dimensional Array,data,387204628,.2da,,
3,4D,programming,577529595,.4dm,,
4,ABAP,programming,1,.abap,,
5,ABAP CDS,programming,452681853,.asddls,,
6,ABNF,data,429,.abnf,,
7,AGS Script,programming,2,.asc,ags,
8,AIDL,programming,451700185,.aidl,,aidl
9,AL,programming,658971832,.al,,
10,ALGOL,programming,79217948,.alg,,
11,AMPL,programming,3,.ampl,,
12,ANTLR,programming,4,.g4,,
13,API Blueprint,markup,5,.apib,,
14,APL,programming,6,.apl,,apl; aplx; dyalog
15,ASL,programming,124996147,.asl,,
16,ASN.1,data,7,.asn,,
17,ASP.NET,programming,564186416,.asax,aspx; aspx-vb,
18,ATS,programming,9,.dats,ats2,
19,ActionScript,programming,10,.as,actionscript 3; actionscript3; as3,
20,Ada,programming,11,.adb,ada95; ada2005,
21,Adblock Filter List,data,884614762,.txt,ad block filters; ad block; adb; adblock,
22,Adobe Font Metrics,data,147198098,.afm,acfm; adobe composite font metrics; adobe multiple font metrics; amfm,
23,Agda,programming,12,.agda,,
24,Aiken,programming,899409497,.ak,,
25,Aleo,programming,566431048,.aleo,,
26,Alloy,programming,13,.als,,
27,Alpine Abuild,programming,14,,abuild; apkbuild,
28,Altium Designer,data,187772328,.OutJob,altium,
29,AngelScript,programming,389477596,.as,,
30,Answer Set Programming,programming,433009171,.lp,,clingo
31,Ant Build System,data,15,,,
32,Antlers,markup,1067292663,.antlers.html,,
33,ApacheConf,data,16,.apacheconf,aconf; apache,
34,Apex,programming,17,.cls,,
35,Apollo Guidance Computer,programming,18,.agc,,
36,AppleScript,programming,19,.applescript,apples; osascript,osascript
37,Arc,programming,20,.arc,,
38,ArkTS,programming,56341321,.ets,,
39,AsciiDoc,prose,22,.asciidoc,,
40,AspectJ,programming,23,.aj,,
41,Assembly,programming,24,.asm,asm; nasm,
42,Astro,markup,578209015,.astro,,
43,Asymptote,programming,591605007,.asy,,asy
44,Augeas,programming,25,.aug,,
45,AutoHotkey,programming,26,.ahk,ahk,
46,AutoIt,programming,27,.au3,au3; AutoIt3; AutoItScript,
47,Avro IDL,data,785497837,.avdl,,
48,Awk,programming,28,.awk,,awk; gawk; mawk; nawk
49,B,programming,700792152,.b,,
50,B (Formal Method),programming,993355937,.mch,,
51,B4X,programming,96642275,.bas,basic for android,
52,BAML,programming,502521509,.baml,,
53,BASIC,programming,28923963,.bas,,
54,BBCode,markup,206921123,.bbcode,,
55,BIRD2,data,584191811,,bird; bird3,
56,BQN,programming,330386870,.bqn,,
57,Ballerina,programming,720859680,.bal,,
58,Batchfile,programming,29,.bat,bat; batch; dosbatch; winbatch,
59,Beef,programming,545626333,.bf,,
60,Befunge,programming,30,.befunge,,
61,Bend,programming,571794812,.bend,bend2,
62,Berry,programming,121855308,.be,be,
63,BibTeX,markup,982188347,.bib,,
64,BibTeX Style,programming,909569041,.bst,,
65,Bicep,programming,321200902,.bicep,,
66,Bikeshed,markup,1055528081,.bs,,
67,Bison,programming,31,.bison,,
68,BitBake,programming,32,.bb,,
69,Blade,markup,33,.blade,,
70,BlitzBasic,programming,34,.bb,b3d; blitz3d; blitzplus; bplus,
71,BlitzMax,programming,35,.bmx,bmax,
72,Blueprint,markup,765545512,.blp,blp,
73,Bluespec,programming,36,.bsv,bluespec bsv; bsv,
74,Bluespec BH,programming,641580358,.bs,bh; bluespec classic,
75,Boo,programming,37,.boo,,
76,Boogie,programming,955017407,.bpl,,boogie
77,Brainfuck,programming,38,.b,,
78,BrighterScript,programming,943571030,.bs,,
79,Brightscript,programming,39,.brs,,
80,Browserslist,data,153503348,,,
81,Bru,markup,906627898,.bru,,
82,BuildStream,data,84359046,.bst,,
83,C,programming,41,.c,,tcc
84,C#,programming,42,.cs,csharp; cake; cakescript,
85,C++,programming,43,.cpp,cpp,
86,C-ObjDump,data,44,.c-objdump,,
87,C2hs Haskell,programming,45,.chs,c2hs,
88,C3,programming,769248603,.c3,,
89,CAP CDS,programming,390788699,.cds,cds,
90,CIL,data,29176339,.cil,,
91,CLIPS,programming,46,.clp,,
92,CMake,programming,47,.cmake,,
93,COBOL,programming,48,.cob,,
94,CODEOWNERS,data,321684729,,,
95,COLLADA,data,49,.dae,,
96,CQL,programming,71155397,.cql,,
97,CSON,data,424,.cson,,
98,CSS,markup,50,.css,,
99,CSV,data,51,.csv,,
100,CUE,programming,356063509,.cue,,
101,CWeb,programming,657332628,.w,,
102,Cabal Config,data,677095381,.cabal,Cabal,
103,Caddyfile,data,615465151,.caddyfile,Caddy,
104,Cadence,programming,270184138,.cdc,,
105,Cairo,programming,620599567,.cairo,,
106,Cairo Zero,programming,891399890,.cairo,,
107,CameLIGO,programming,829207807,.mligo,,
108,Cangjie,programming,581895317,.cj,,
109,Cap'n Proto,programming,52,.capnp,,
110,Carbon,programming,55627273,.carbon,,
111,CartoCSS,programming,53,.mss,Carto,
112,Ceylon,programming,54,.ceylon,,
113,Chapel,programming,55,.chpl,chpl,
114,Charity,programming,56,.ch,,
115,Checksums,data,372063053,.crc32,checksum; hash; hashes; sum; sums,
116,ChucK,programming,57,.ck,,
117,Circom,programming,1042332086,.circom,,
118,Cirru,programming,58,.cirru,,
119,Clarion,programming,59,.clw,,
120,Clarity,programming,91493841,.clar,,
121,Classic ASP,programming,8,.asp,asp,
122,Clean,programming,60,.icl,,
123,Click,programming,61,.click,,
124,Clojure,programming,62,.clj,,bb
125,Closure Templates,markup,357046146,.soy,soy,
126,Cloud Firestore Security Rules,data,407996372,,,
127,Clue,programming,163763508,.clue,,
128,CoNLL-U,data,421026389,.conllu,CoNLL; CoNLL-X,
129,CodeQL,programming,424259634,.ql,ql,
130,CoffeeScript,programming,63,.coffee,coffee; coffee-script,coffee
131,ColdFusion,programming,64,.cfm,cfm; cfml; coldfusion html,
132,ColdFusion CFC,programming,65,.cfc,cfc,
133,Common Lisp,programming,66,.lisp,lisp,lisp; sbcl; ccl; clisp; ecl
134,Common Workflow Language,programming,988547172,.cwl,cwl,cwl-runner
135,Component Pascal,programming,67,.cp,,
136,Cooklang,markup,788037493,.cook,,
137,Cool,programming,68,.cl,,
138,Cpp-ObjDump,data,70,.cppobjdump,c++-objdump,
139,Creole,prose,71,.creole,,
140,Crystal,programming,72,.cr,,crystal
141,Csound,programming,73,.orc,csound-orc,
142,Csound Document,programming,74,.csd,csound-csd,
143,Csound Score,programming,75,.sco,csound-sco,
144,Cuda,programming,77,.cu,,
145,Cue Sheet,data,942714150,.cue,,
146,Curry,programming,439829048,.curry,,
147,Cycript,programming,78,.cy,,
148,Cylc,data,476447814,.cylc,,
149,Cypher,programming,850806976,.cyp,,
150,Cython,programming,79,.pyx,pyrex,
151,D,programming,80,.d,Dlang,
152,D-ObjDump,data,81,.d-objdump,,
153,D2,markup,37531557,.d2,d2lang,
154,DIGITAL Command Language,programming,82,.com,dcl,
155,DM,programming,83,.dm,byond,
156,DNS Zone,data,84,.zone,,
157,DTrace,programming,85,.d,dtrace-script,dtrace
158,Dafny,programming,969323346,.dfy,,dafny
159,Darcs Patch,data,86,.darcspatch,dpatch,
160,Dart,programming,87,.dart,,dart
161,Daslang,programming,648759486,.das,,
162,DataWeave,programming,974514097,.dwl,,
163,Debian Package Control File,data,527438264,.dsc,,
164,DenizenScript,programming,435000929,.dsc,,
165,Dhall,programming,793969321,.dhall,,
166,Diff,data,88,.diff,udiff,
167,DirectX 3D File,data,201049282,.x,,
168,Dockerfile,programming,89,.dockerfile,Containerfile,
169,Dogescript,programming,90,.djs,,
170,Dotenv,data,111148035,.env,,
171,Dune,programming,754574151,,,
172,Dylan,programming,91,.dylan,,
173,E,programming,92,.e,,rune
174,E-mail,data,529653389,.eml,email; eml; mail; mbox,
175,EBNF,data,430,.ebnf,,
176,ECL,programming,93,.ecl,,
177,ECLiPSe,programming,94,.ecl,,
178,EJS,markup,95,.ejs,,
179,EQ,programming,96,.eq,,
180,Eagle,data,97,.sch,,
181,Earthly,programming,963512632,,Earthfile,
182,Easybuild,data,342840477,.eb,,
183,Ecere Projects,data,98,.epj,,
184,Ecmarkup,markup,844766630,.html,ecmarkdown,
185,Edge,markup,460509620,.edge,,
186,EdgeQL,programming,925235833,.edgeql,esdl,
187,EditorConfig,data,96139566,.editorconfig,editor-config,
188,Edje Data Collection,data,342840478,.edc,,
189,Eiffel,programming,99,.e,,
190,Elixir,programming,100,.ex,,elixir
191,Elm,programming,101,.elm,,
192,Elvish,programming,570996448,.elv,,elvish
193,Elvish Transcript,programming,452025714,,,
194,Emacs Lisp,programming,102,.el,cask; eask; elisp; emacs,
195,EmberScript,programming,103,.em,,
196,Erlang,programming,104,.erl,,escript
197,Euphoria,programming,880693982,.e,,eui; euiw
198,F#,programming,105,.fs,fsharp,
199,F*,programming,336943375,.fst,fstar,
200,FIGlet Font,data,686129783,.flf,FIGfont,
201,FIRRTL,programming,906694254,.fir,,
202,FLUX,programming,106,.fx,,
203,FPP,programming,252360067,.fpp,,
204,Factor,programming,108,.factor,,
205,Fancy,programming,109,.fy,,
206,Fantom,programming,110,.fan,,
207,Faust,programming,622529198,.dsp,,
208,Fennel,programming,239946126,.fnl,,fennel
209,Filebench WML,programming,111,.f,,
210,Filterscript,programming,112,.fs,,
211,FlatBuffers,data,577640576,.fbs,,
212,Flix,programming,800935960,.flix,,
213,Fluent,programming,206353404,.ftl,,
214,Formatted,data,113,.for,,
215,Forth,programming,114,.fth,,
216,Fortran,programming,107,.f,,
217,Fortran Free Form,programming,761352333,.f90,,
218,FreeBASIC,programming,472896659,.bi,fb,
219,FreeMarker,programming,115,.ftl,ftl,
220,Frege,programming,116,.fr,,
221,Futhark,programming,97358117,.fut,,
222,G-code,programming,117,.g,,
223,GAML,programming,290345951,.gaml,,
224,GAMS,programming,118,.gms,,
225,GAP,programming,119,.g,,
226,GCC Machine Description,programming,121,.md,,
227,GDB,programming,122,.gdb,,
228,GDScript,programming,123,.gd,,
229,GDShader,programming,694638086,.gdshader,,
230,GEDCOM,data,459577965,.ged,,
231,GLSL,programming,124,.glsl,,
232,GN,data,302957008,.gn,,gn
233,GSC,programming,257856279,.gsc,,
234,Game Maker Language,programming,125,.gml,,
235,Gemfile.lock,data,907065713,,,
236,Gemini,prose,310828396,.gmi,gemtext,
237,Genero 4gl,programming,986054050,.4gl,,
238,Genero per,markup,902995658,.per,,
239,Genie,programming,792408528,.gs,,
240,Genshi,programming,126,.kid,xml+genshi; xml+kid,
241,Gentoo Ebuild,programming,127,.ebuild,,
242,Gentoo Eclass,programming,128,.eclass,,
243,Gerber Image,data,404627610,.gbr,rs-274x,gerbv; gerbview
244,Gettext Catalog,prose,129,.po,pot,
245,Gherkin,programming,76,.feature,cucumber,
246,Git Attributes,data,956324166,,gitattributes,
247,Git Commit,data,131750475,,commit,
248,Git Config,data,807968997,.gitconfig,gitconfig; gitmodules,
249,Git Revision List,data,461881235,,Git Blame Ignore Revs,
250,Gleam,programming,1054258749,.gleam,,
251,Glimmer JS,programming,5523150,.gjs,gjs,
252,Glimmer TS,programming,95110458,.gts,gts,
253,Glyph,programming,130,.glf,,
254,Glyph Bitmap Distribution Format,data,997665271,.bdf,,
255,Gno,programming,279301301,.gno,gnolang,
256,Gnuplot,programming,131,.gp,,gnuplot
257,Go,programming,132,.go,golang,
258,Go Checksums,data,1054391671,,go.sum; go sum; go.work.sum; go work sum,
259,Go Module,data,947461016,,go.mod; go mod,
260,Go Template,markup,247918769,.gohtml,gotmpl,
261,Go Workspace,data,934546256,,go.work; go work,
262,Godot Resource,data,738107771,.gdnlib,,
263,Golo,programming,133,.golo,,
264,Gosu,programming,134,.gs,,
265,Grace,programming,135,.grace,,
266,Gradle,data,136,.gradle,,
267,Gradle Kotlin DSL,data,432600901,.gradle.kts,,
268,Grammatical Framework,programming,137,.gf,gf,
269,Graph Modeling Language,data,138,.gml,,
270,GraphQL,data,139,.graphql,,
271,Graphviz (DOT),data,140,.dot,,
272,Groovy,programming,142,.groovy,,groovy
273,Groovy Server Pages,programming,143,.gsp,gsp; java server page,
274,GtkRC,data,876401352,.gtkrc,gtk; gtk 1; gtk 2,
275,HAProxy,data,366607477,.cfg,,
276,HCL,programming,144,.hcl,HashiCorp Configuration Language; opentofu; terraform,
277,HIP,programming,674379998,.hip,,
278,HLSL,programming,145,.hlsl,,
279,HOCON,data,679725279,.hocon,,
280,HTML,markup,146,.html,xhtml,
281,HTML+ECR,markup,148,.ecr,ecr,
282,HTML+EEX,markup,149,.html.eex,eex; heex; leex,
283,HTML+ERB,markup,150,.erb,erb; rhtml; html+ruby,
284,HTML+PHP,markup,151,.phtml,,
285,HTML+Razor,markup,479039817,.cshtml,razor,
286,HTTP,data,152,.http,,
287,HXML,data,786683730,.hxml,,
288,Hack,programming,153,.hack,,
289,Haml,markup,154,.haml,,
290,Handlebars,markup,155,.handlebars,hbs; htmlbars,
291,Harbour,programming,156,.hb,,
292,Hare,programming,463518941,.ha,,
293,Haskell,programming,157,.hs,,runghc; runhaskell; runhugs
294,Haxe,programming,158,.hx,,
295,HiveQL,programming,931814087,.q,,
296,HolyC,programming,928121743,.hc,,
297,Hosts File,data,231021894,,hosts,
298,Hurl,programming,959040217,.hurl,,
299,Hy,programming,159,.hy,hylang,hy
300,HyPhy,programming,160,.bf,,
301,IDL,programming,161,.pro,,
302,IGOR Pro,programming,162,.ipf,igor; igorpro,
303,IL Assembly,programming,592065806,.il,ilasm; msil,
304,INI,data,163,.ini,conf; dosini,
305,IRC log,data,164,.irclog,irc; irc logs,
306,ISPC,programming,327071,.ispc,,
307,Idris,programming,165,.idr,,
308,Ignore List,data,74444240,.gitignore,ignore; gitignore; git-ignore,
309,ImHex Pattern Language,programming,805861688,.hexpat,ImHex; ImHexPatternLanguage; imhexpl,
310,ImageJ Macro,programming,575143428,.ijm,ijm,
311,Imba,programming,1057618448,.imba,,
312,Inform 7,programming,166,.ni,i7; inform7,
313,Ink,programming,838252715,.ink,,
314,Inno Setup,programming,167,.iss,,
315,Io,programming,168,.io,,io
316,Ioke,programming,169,.ik,,ioke
317,Isabelle,programming,170,.thy,,
318,Isabelle ROOT,programming,171,,,
319,J,programming,172,.ijs,,jconsole
320,JAR Manifest,data,447261135,,,
321,JASS,programming,504860504,.j,jass2,
322,JCL,programming,316620079,.jcl,,
323,JFlex,programming,173,.flex,,
324,JSON,data,174,.json,geojson; jsonl; sarif; topojson,
325,JSON with Comments,data,423,.jsonc,jsonc,
326,JSON5,data,175,.json5,,
327,JSONLD,data,176,.jsonld,,
328,JSONiq,programming,177,.jq,,
329,Jac,programming,235277043,.jac,,
330,Jai,programming,70127133,.jai,,
331,Janet,programming,1028705371,.janet,,janet
332,Jasmin,programming,180,.j,,
333,Java,programming,181,.java,,
334,Java Properties,data,519377561,.properties,,
335,Java Server Pages,programming,182,.jsp,jsp,
336,Java Template Engine,programming,599494012,.jte,jte,
337,JavaScript,programming,183,.js,js; node,bun; chakra; d8; deno; gjs; js; node; nodejs; qjs; rhino; v8; v8-shell
338,JavaScript+ERB,programming,914318960,.js.erb,,
339,Jest Snapshot,data,774635084,.snap,,
340,JetBrains MPS,programming,465165328,.mps,mps,
341,Jinja,markup,147,.jinja,django; html+django; html+jinja; htmldjango,
342,Jison,programming,284531423,.jison,,
343,Jison Lex,programming,406395330,.jisonlex,,
344,Jolie,programming,998078858,.ol,,jolie
345,Jsonnet,programming,664885656,.jsonnet,,
346,Julia,programming,184,.jl,,julia
347,Julia REPL,programming,220689142,,,
348,Jupyter Notebook,markup,185,.ipynb,IPython Notebook,
349,Just,programming,128447695,.just,Justfile,
350,KCL,programming,1052003890,.k,,
351,KDL,data,931123626,.kdl,,
352,KFramework,programming,9479532,.k,,
353,KRL,programming,186,.krl,,
354,Kaitai Struct,programming,818804755,.ksy,ksy,
355,KakouneScript,programming,603336474,.kak,kak; kakscript,
356,KerboScript,programming,59716426,.ks,,
357,KiCad Layout,data,187,.kicad_pcb,pcbnew,
358,KiCad Legacy Layout,data,140848857,.brd,,
359,KiCad Schematic,data,622447435,.kicad_sch,eeschema schematic,
360,Kickstart,data,692635484,.ks,,
361,Kit,markup,188,.kit,,
362,KoLmafia ASH,programming,852099832,.ash,,
363,Koka,programming,597930447,.kk,,koka
364,Kotlin,programming,189,.kt,,
365,Kusto,data,225697190,.csl,,
366,LFE,programming,190,.lfe,,
367,LLVM,programming,191,.ll,,
368,LLVM TableGen,programming,184265095,.td,tablegen,
369,LOLCODE,programming,192,.lol,,
370,LSL,programming,193,.lsl,,lsl
371,LTspice Symbol,data,1013566805,.asy,,
372,LabVIEW,programming,194,.lvproj,,
373,Lambdapi,programming,759240513,.lp,,
374,Langium,programming,548603830,.langium,,
375,Lark,data,758480799,.lark,,
376,Lasso,programming,195,.lasso,lassoscript,
377,Latte,markup,196,.latte,,
378,Lean,programming,197,.lean,,
379,Lean 4,programming,455147478,.lean,lean4,
380,Leo,programming,916034822,.leo,,
381,Less,markup,198,.less,less-css,
382,Lex,programming,199,.l,flex,
383,LigoLANG,programming,1040646257,.ligo,,
384,LilyPond,programming,200,.ly,,
385,Limbo,programming,201,.b,,
386,Linear Programming,programming,377204539,.lp,,
387,Linker Script,programming,202,.ld,,
388,Linux Kernel Module,data,203,.mod,,
389,Liquid,markup,204,.liquid,,
390,Liquidsoap,programming,614641732,.liq,,
391,Literate Agda,programming,205,.lagda,,
392,Literate CoffeeScript,programming,206,.litcoffee,litcoffee,
393,Literate Haskell,programming,207,.lhs,lhaskell; lhs,
394,LiveCode Script,programming,891017,.livecodescript,,
395,LiveScript,programming,208,.ls,live-script; ls,
396,Lobster,programming,790066842,.lobster,,
397,Logos,programming,209,.xm,,
398,Logtalk,programming,210,.lgt,,
399,LookML,programming,211,.lkml,,
400,LoomScript,programming,212,.ls,,
401,Lua,programming,213,.lua,,lua; luajit
402,Luau,programming,365050359,.luau,,luau
403,M,programming,214,.mumps,mumps,
404,M3U,data,89638692,.m3u,hls playlist; m3u playlist,
405,M4,programming,215,.m4,,
406,M4Sugar,programming,216,.m4,autoconf,
407,MATLAB,programming,225,.matlab,octave,
408,MAXScript,programming,217,.ms,,
409,MDX,markup,512838272,.mdx,,
410,MLIR,programming,448253929,.mlir,,
411,MQL4,programming,426,.mq4,,
412,MQL5,programming,427,.mq5,,
413,MTML,markup,218,.mtml,,
414,MUF,programming,219,.muf,,
415,Macaulay2,programming,34167825,.m2,m2,M2
416,Makefile,programming,220,.mak,bsdmake; make; mf,make
417,Mako,programming,221,.mako,,
418,Markdown,prose,222,.md,md; pandoc,
419,Marko,markup,932782397,.marko,markojs,
420,Mask,markup,223,.mask,,
421,Mathematical Programming System,programming,429002699,.mps,,
422,Maven POM,data,226,,,
423,Max,programming,227,.maxpat,max/msp; maxmsp,
424,MeTTa,programming,1037612668,.metta,,
425,Mercury,programming,229,.m,,mmi
426,Mermaid,markup,385992043,.mmd,mermaid example,
427,Meson,programming,799141244,,,
428,Metal,programming,230,.metal,,
429,Microsoft Developer Studio Project,data,800983837,.dsp,,
430,Microsoft Visual Studio Solution,data,849523096,.sln,,
431,MiniD,programming,231,.minid,,
432,MiniScript,programming,704299647,.ms,,
433,MiniYAML,data,4896465,.yaml,,
434,MiniZinc,programming,238874535,.mzn,,
435,MiniZinc Data,data,938193433,.dzn,,
436,Mint,programming,968740319,.mint,,
437,Mirah,programming,232,.druby,,
438,Modelica,programming,233,.mo,,
439,Modula-2,programming,234,.mod,,
440,Modula-3,programming,564743864,.i3,,
441,Module Management System,programming,235,.mms,,
442,Mojo,programming,1045019587,.mojo,,
443,Monkey,programming,236,.monkey,,
444,Monkey C,programming,231751931,.mc,,
445,Moocode,programming,237,.moo,,
446,MoonBit,programming,181453007,.mbt,,
447,MoonScript,programming,238,.moon,,moon
448,Motoko,programming,202937027,.mo,,
449,Motorola 68K Assembly,programming,477582706,.asm,m68k,
450,Move,programming,638334599,.move,,
451,Muse,prose,474864066,.muse,amusewiki; emacs muse,
452,Mustache,markup,638334590,.mustache,,
453,Myghty,programming,239,.myt,,
454,NASL,programming,171666519,.nasl,,
455,NCL,programming,240,.ncl,,
456,NEON,data,481192983,.neon,nette object notation; ne-on,
457,NL,data,241,.nl,,
458,NMODL,programming,136456478,.mod,,
459,NPM Config,data,685022663,,npmrc,
460,NSIS,programming,242,.nsi,,
461,NWScript,programming,731233819,.nss,,
462,Nasal,programming,178322513,.nas,,
463,Nearley,programming,521429430,.ne,,
464,Nemerle,programming,243,.n,,
465,NetLinx,programming,244,.axs,,
466,NetLinx+ERB,programming,245,.axs.erb,,
467,NetLogo,programming,246,.nlogo,,
468,NewLisp,programming,247,.nl,,newlisp
469,Nextflow,programming,506780613,.nf,,nextflow
470,Nginx,data,248,.nginx,nginx configuration file,
471,Nickel,programming,1067292664,.ncl,,
472,Nim,programming,249,.nim,,
473,Ninja,data,250,.ninja,,
474,Nit,programming,251,.nit,,
475,Nix,programming,252,.nix,nixos,
476,Noir,programming,813068465,.nr,nargo,
477,Nu,programming,253,.nu,nush,nush
478,NumPy,programming,254,.numpy,,
479,Nunjucks,markup,461856962,.njk,njk,
480,Nushell,programming,446573572,.nu,nu-script; nushell-script,nu
481,OASv2-json,data,834374816,.json,,
482,OASv2-yaml,data,105187618,.yaml,,
483,OASv3-json,data,980062566,.json,,
484,OASv3-yaml,data,51239111,.yaml,,
485,OCaml,programming,255,.ml,,ocaml; ocamlrun; ocamlscript
486,OMNeT++ MSG,programming,664100008,.msg,omnetpp-msg,
487,OMNeT++ NED,programming,924868392,.ned,omnetpp-ned,
488,Oberon,programming,677210597,.ob2,,
489,ObjDump,data,256,.objdump,,
490,Object Data Instance Notation,data,985227236,.odin,,
491,ObjectScript,programming,202735509,.cls,,
492,Objective-C,programming,257,.m,obj-c; objc; objectivec,
493,Objective-C++,programming,258,.mm,obj-c++; objc++; objectivec++,
494,Objective-J,programming,259,.j,obj-j; objectivej; objj,
495,Odin,programming,889244082,.odin,odinlang; odin-lang,
496,Omgrofl,programming,260,.omgrofl,,
497,Opa,programming,261,.opa,,
498,Opal,programming,262,.opal,,
499,Open Policy Agent,programming,840483232,.rego,,
500,OpenAPI Specification v2,data,848295328,,oasv2,
501,OpenAPI Specification v3,data,557959099,,oasv3,
502,OpenCL,programming,263,.cl,,
503,OpenEdge ABL,programming,264,.p,progress; openedge; abl,
504,OpenQASM,programming,153739399,.qasm,,
505,OpenRC runscript,programming,265,,openrc,openrc-run
506,OpenSCAD,programming,266,.scad,,
507,OpenStep Property List,data,598917541,.plist,,
508,OpenType Feature File,data,374317347,.fea,AFDKO,
509,Option List,data,723589315,,opts; ackrc,
510,Org,prose,267,.org,,
511,OverPy,programming,492781155,.opy,opy,
512,OverpassQL,programming,689079655,.overpassql,,
513,Ox,programming,268,.ox,,
514,Oxygene,programming,269,.oxygene,,
515,Oz,programming,270,.oz,,
516,P4,programming,348895984,.p4,,
517,PDDL,programming,736235603,.pddl,,
518,PEG.js,programming,81442128,.pegjs,,
519,PHP,programming,272,.php,inc,php
520,PLSQL,programming,273,.pls,,
521,PLpgSQL,programming,274,.pgsql,,
522,POV-Ray SDL,programming,275,.pov,pov-ray; povray,
523,Pact,programming,756774415,.pact,,
524,Pan,programming,276,.pan,,
525,Papyrus,programming,277,.psc,,
526,Parrot,programming,278,.parrot,,
527,Parrot Assembly,programming,279,.pasm,pasm,parrot
528,Parrot Internal Representation,programming,280,.pir,pir,parrot
529,Pascal,programming,281,.pas,delphi; objectpascal,instantfpc
530,Pawn,programming,271,.pwn,,
531,Pep8,programming,840372442,.pep,,
532,Perl,programming,282,.pl,cperl,cperl; perl
533,Pic,markup,425,.pic,pikchr,
534,Pickle,data,284,.pkl,,
535,PicoLisp,programming,285,.l,,picolisp; pil
536,PigLatin,programming,286,.pig,,
537,Pike,programming,287,.pike,,pike
538,Pip Requirements,data,684385621,,,
539,Pkl,programming,288822799,.pkl,,pkl
540,PlantUML,data,833504686,.puml,,
541,Pod,prose,288,.pod,,perl
542,Pod 6,prose,155357471,.pod,,perl6
543,PogoScript,programming,289,.pogo,,
544,Polar,programming,839112914,.polar,,
545,Pony,programming,290,.pony,,
546,Portugol,programming,832391833,.por,,
547,PostCSS,markup,262764437,.pcss,,
548,PostScript,markup,291,.ps,postscr,
549,Power Query,programming,37496382,.pq,powerquery,
550,PowerBuilder,programming,292,.pbt,,
551,PowerShell,programming,293,.ps1,posh; pwsh,pwsh
552,Praat,programming,106029007,.praat,,
553,Prisma,data,499933428,.prisma,,
554,Pro*C,programming,991047534,.pc,,
555,Processing,programming,294,.pde,,
556,Procfile,programming,305313959,,,
557,Proguard,data,716513858,.pro,,
558,Prolog,programming,295,.pl,,swipl; yap
559,Promela,programming,441858312,.pml,,
560,Propeller Spin,programming,296,.spin,,
561,Protocol Buffer,data,297,.proto,proto; protobuf; Protocol Buffers,
562,Protocol Buffer Text Format,data,436568854,.textproto,text proto; protobuf text format,
563,Public Key,data,298,.asc,,
564,Pug,markup,179,.jade,,
565,Puppet,programming,299,.pp,,
566,Pure Data,data,300,.pd,,
567,PureBasic,programming,301,.pb,,
568,PureScript,programming,302,.purs,,
569,Pyret,programming,252961827,.arr,,
570,Python,programming,303,.py,py; py3; python3; rusthon,python; python2; python3; py; pypy; pypy3; uv
571,Python console,programming,428,,pycon,
572,Python traceback,data,304,.pytb,,
573,Q#,programming,697448245,.qs,qsharp,
574,QML,programming,305,.qml,,
575,QMake,programming,306,.pro,,qmake
576,Qt Script,programming,558193693,.qs,,
577,Quake,programming,375265331,,,
578,QuakeC,programming,472308069,.qc,,
579,Quartus Simulation IP,data,828144309,.sip,,
580,QuickBASIC,programming,593107205,.bas,qb; qbasic; qb64; classic qbasic; classic quickbasic,
581,Quint,programming,562056483,.qnt,,
582,R,programming,307,.r,Rscript; splus,Rscript
583,RAML,markup,308,.raml,,
584,RAScript,programming,601118790,.rascript,,
585,RBS,data,899227493,.rbs,,
586,RDoc,prose,309,.rdoc,,
587,REALbasic,programming,310,.rbbas,,
588,REXX,programming,311,.rexx,arexx,regina; rexx
589,RMarkdown,prose,313,.qmd,,
590,RON,data,587855233,.ron,,
591,ROS Interface,data,809230569,.msg,rosmsg,
592,RPC,programming,1031374237,.x,rpcgen; oncrpc; xdr,
593,RPGLE,programming,609977990,.rpgle,ile rpg; sqlrpgle,
594,RPM Spec,data,314,.spec,specfile,
595,RUNOFF,markup,315,.rnh,,
596,Racket,programming,316,.rkt,,racket
597,Ragel,programming,317,.rl,ragel-rb; ragel-ruby,
598,Raku,programming,283,.6pl,perl6; perl-6,perl6; raku; rakudo
599,Rascal,programming,173616037,.rsc,,
600,Raw token data,data,318,.raw,raw,
601,ReScript,programming,501875647,.res,,ocaml
602,Readline Config,data,538732839,,inputrc; readline,
603,Reason,programming,869538413,.re,,
604,ReasonLIGO,programming,319002153,.religo,,
605,Rebol,programming,319,.reb,,
606,Record Jar,data,865765202,,,
607,Red,programming,320,.red,red/system,
608,Redcode,programming,321,.cw,,
609,Redirect Rules,data,1020148948,,redirects,
610,Redscript,programming,686691365,.reds,,
611,Regular Expression,data,363378884,.regexp,regexp; regex,
612,Ren'Py,programming,322,.rpy,renpy,
613,RenderScript,programming,323,.rs,,
614,Rez,programming,498022874,.r,,
615,Rhai,programming,713228814,.rhai,,
616,Rich Text Format,markup,51601661,.rtf,,
617,Ring,programming,431,.ring,,
618,Riot,markup,878396783,.riot,,
619,RobotFramework,programming,324,.robot,,
620,Robots Exclusion Rules,data,674736065,,robots; robots txt; robotx.txt,
621,Roc,programming,440182480,.roc,,
622,Rocq Prover,programming,69,.v,coq; rocq,
623,Roff,markup,141,.roff,groff; man; manpage; man page; man-page; mdoc; nroff; troff,
624,Roff Manpage,markup,612669833,.1,,
625,Rouge,programming,325,.rg,,
626,RouterOS Script,programming,592853203,.rsc,,RouterOS
627,Ruby,programming,326,.rb,jruby; macruby; rake; rb; rbx,ruby; macruby; rake; jruby; rbx
628,Rust,programming,327,.rs,rs,rust-script
629,SAS,programming,328,.sas,,
630,SCSS,markup,329,.scss,,
631,SELinux Policy,data,880010326,.te,SELinux Kernel Policy Language; sepolicy,
632,SIP,programming,796891177,.sip,,
633,SMT,programming,330,.smt2,,boolector; cvc4; mathsat5; opensmt; smtinterpol; smt-rat; stp; verit; yices2; z3
634,SPARQL,data,331,.sparql,,
635,SQF,programming,332,.sqf,,
636,SQL,data,333,.sql,,
637,SQLPL,programming,334,.sql,,
638,SRecode Template,markup,335,.srt,,
639,SSH Config,data,554920715,,sshconfig; sshdconfig; ssh_config; sshd_config,
640,STAR,data,424510560,.star,,
641,STL,data,455361735,.stl,ascii stl; stla,
642,STON,data,336,.ston,,
643,SVG,data,337,.svg,,
644,SWIG,programming,1066250075,.i,,
645,Sage,programming,338,.sage,,
646,Sail,programming,1029438153,.sail,,
647,Salt,programming,339,.sls,saltstack; saltstate,
648,Sass,markup,340,.sass,,
649,Scala,programming,341,.scala,,scala
650,Scaml,markup,342,.scaml,,
651,Scenic,programming,619814037,.scenic,,scenic
652,Scheme,programming,343,.scm,,scheme; guile; bigloo; chicken; csi; gosh; r6rs
653,Scilab,programming,344,.sci,,
654,Self,programming,345,.self,,
655,ShaderLab,programming,664257356,.shader,,
656,Shell,programming,346,.sh,sh; shell-script; bash; zsh; envrc,ash; bash; dash; ksh; mksh; pdksh; rc; sh; zsh
657,ShellCheck Config,data,687511714,,shellcheckrc,
658,ShellSession,programming,347,.sh-session,bash session; console,
659,Shen,programming,348,.shen,,
660,Sieve,programming,208976687,.sieve,,
661,Simple File Verification,data,735623761,.sfv,sfv,
662,Singularity,programming,987024632,,,
663,Slang,programming,239357863,.slang,,
664,Slash,programming,349,.sl,,
665,Slice,programming,894641667,.ice,,
666,Slim,markup,350,.slim,,
667,Slint,markup,119900149,.slint,,
668,SmPL,programming,164123055,.cocci,coccinelle,
669,Smali,programming,351,.smali,,
670,Smalltalk,programming,352,.st,squeak,
671,Smarty,programming,353,.tpl,,
672,Smithy,programming,1027892786,.smithy,,
673,Snakemake,programming,151241392,.smk,snakefile,
674,Solidity,programming,237469032,.sol,,
675,Soong,data,222900098,,,
676,SourcePawn,programming,354,.sp,sourcemod,
677,SpiceDB Schema,data,864005057,.zed,,
678,Spline Font Database,data,767169629,.sfd,,
679,Squirrel,programming,355,.nut,,
680,Stan,programming,356,.stan,,
681,Standard ML,programming,357,.ml,sml,
682,Starlark,programming,960266174,.bzl,bazel; bzl,
683,Stata,programming,358,.do,,
684,StringTemplate,markup,89855901,.st,,
685,Stylus,markup,359,.styl,,
686,SubRip Text,data,360,.srt,,
687,SugarSS,markup,826404698,.sss,,
688,SuperCollider,programming,361,.sc,,sclang; scsynth
689,SurrealQL,programming,735141027,.surql,surql,
690,Survex data,data,24470517,.svx,,
691,Svelte,markup,928734530,.svelte,,
692,Sway,programming,271471144,.sw,,
693,Sweave,prose,558779190,.rnw,,
694,Swift,programming,362,.swift,,
695,SystemVerilog,programming,363,.sv,,
696,TI Program,programming,422,.8xp,,
697,TL-Verilog,programming,118656070,.tlv,,
698,TLA,programming,364,.tla,,
699,TMDL,data,769162295,.tmdl,Tabular Model Definition Language,
700,TOML,data,365,.toml,,
701,TSPLIB data,data,89289301,.tsp,travelling salesman problem; traveling salesman problem,
702,TSQL,programming,918334941,.sql,,
703,TSV,data,1035892117,.tsv,tab-seperated values,
704,TSX,programming,94901924,.tsx,typescriptreact,
705,TXL,programming,366,.txl,,
706,Tact,programming,606708469,.tact,,
707,Talon,programming,959889508,.talon,,
708,Tape,programming,516874200,.tape,vhs,
709,Tcl,programming,367,.tcl,sdc; xdc,tclsh; wish
710,Tcsh,programming,368,.tcsh,,tcsh; csh
711,TeX,markup,369,.tex,latex,
712,Tea,markup,370,.tea,,
713,Teal,programming,719038619,.tl,,tl
714,Terra,programming,371,.t,,lua
715,Terraform Template,markup,856832701,.tftpl,,
716,Texinfo,prose,988020015,.texinfo,,makeinfo
717,Text,prose,372,.txt,fundamental; plain text,
718,TextGrid,data,965696054,.TextGrid,,
719,TextMate Properties,data,981795023,,tm-properties,
720,Textile,prose,373,.textile,,
721,Thrift,programming,374,.thrift,,
722,Toit,programming,356554395,.toit,,
723,Tolk,programming,678673060,.tolk,,
724,Tor Config,data,1016912802,,torrc,
725,Tree-sitter Query,programming,436081647,.scm,tsq,
726,Turing,programming,375,.t,,
727,Turtle,data,376,.ttl,,
728,Twig,markup,377,.twig,,
729,Type Language,data,632765617,.tl,tl,
730,TypeScript,programming,378,.ts,ts,bun; deno; ts-node; tsx; node
731,TypeSpec,programming,952272597,.tsp,tsp,
732,Typst,programming,704730682,.typ,typ,
733,Unified Parallel C,programming,379,.upc,,
734,Unity3D Asset,data,380,.anim,,
735,Unix Assembly,programming,120,.s,gas; gnu asm; unix asm,
736,Uno,programming,381,.uno,,
737,UnrealScript,programming,382,.uc,,
738,Untyped Plutus Core,programming,1061635506,.uplc,,
739,UrWeb,programming,383,.ur,Ur/Web; Ur,
740,V,programming,603371597,.v,vlang,
741,VBA,programming,399230729,.bas,visual basic for applications,
742,VBScript,programming,408016005,.vbs,,
743,VCL,programming,384,.vcl,,
744,VHDL,programming,385,.vhdl,,
745,Vala,programming,386,.vala,,
746,Valve Data Format,data,544060961,.vdf,keyvalues; vdf,
747,Velocity Template Language,markup,292377326,.vtl,vtl; velocity,
748,Vento,markup,757053899,.vto,,
749,Verilog,programming,387,.v,,
750,Verse,programming,180832205,.verse,,
751,Vespa Schema Definition,data,587879709,.sd,vespa,
752,Vim Help File,prose,508563686,.txt,help; vimhelp,
753,Vim Snippet,markup,81265970,.snip,SnipMate; UltiSnip; UltiSnips; NeoSnippet,
754,Vim script,programming,388,.vim,vim; viml; nvim; vimscript,
755,Visual Basic .NET,programming,389,.vb,visual basic; vbnet; vb .net; vb.net,
756,Visual Basic 6.0,programming,679594952,.bas,vb6; vb 6; visual basic 6; visual basic classic; classic visual basic,
757,Volt,programming,390,.volt,,
758,Vue,markup,391,.vue,,
759,Vyper,programming,1055641948,.vy,,
760,WDL,programming,374521672,.wdl,Workflow Description Language,
761,WGSL,programming,836605993,.wgsl,,
762,Wavefront Material,data,392,.mtl,,
763,Wavefront Object,data,393,.obj,,
764,Web Ontology Language,data,394,.owl,,
765,WebAssembly,programming,956556503,.wast,wast; wasm,
766,WebAssembly Interface Type,data,134534086,.wit,wit,
767,WebIDL,programming,395,.webidl,,
768,WebVTT,data,658679714,.vtt,vtt,
769,Wget Config,data,668457123,,wgetrc,
770,Whiley,programming,888779559,.whiley,,
771,Wikitext,prose,228,.mediawiki,mediawiki; wiki,
772,Win32 Message File,data,950967261,.mc,,
773,Windows Registry Entries,data,969674868,.reg,,
774,Witcher Script,programming,686821385,.ws,,
775,Wolfram Language,programming,224,.mathematica,mathematica; mma; wolfram; wolfram lang; wl,wolfram; WolframKernel; wolframscript; math; MathKernel; MathematicaScript; WolframNB; Mathematica
776,Wollok,programming,632745969,.wlk,,
777,World of Warcraft Addon Data,data,396,.toc,,
778,Wren,programming,713580619,.wren,wrenlang,
779,X BitMap,data,782911107,.xbm,xbm,
780,X Font Directory Index,data,208700028,,,
781,X PixMap,data,781846279,.xpm,xpm,
782,X10,programming,397,.x10,xten,
783,XC,programming,398,.xc,,
784,XCompose,data,225167241,,,
785,XML,data,399,.xml,rss; xsd; wsdl,
786,XML Property List,data,75622871,.plist,,
787,XPages,data,400,.xsp-config,,
788,XProc,programming,401,.xpl,,
789,XQuery,programming,402,.xquery,,
790,XS,programming,403,.xs,,
791,XSLT,programming,404,.xslt,xsl,
792,Xmake,programming,225223071,,,
793,Xojo,programming,405,.xojo_code,,
794,Xonsh,programming,614078284,.xsh,,
795,Xtend,programming,406,.xtend,,
796,YAML,data,407,.yml,yml,
797,YANG,data,408,.yang,,
798,YARA,programming,805122868,.yar,,
799,YASnippet,markup,378760102,.yasnippet,snippet; yas,
800,Yacc,programming,409,.y,,
801,Yul,programming,237469033,.yul,,
802,ZAP,programming,952972794,.zap,,
803,ZIL,programming,973483626,.zil,,
804,Zeek,programming,40,.zeek,bro,
805,ZenScript,programming,494938890,.zs,,
806,Zephir,programming,410,.zep,,
807,Zig,programming,646424281,.zig,,
808,Zimpl,programming,411,.zimpl,,
809,Zmodel,data,803760908,.zmodel,,
810,cURL Config,data,992375436,,curlrc,
811,crontab,data,705203557,,cron; cron table,
812,desktop,data,412,.desktop,,
813,dircolors,data,691605112,.dircolors,,
814,eC,programming,413,.ec,,
815,edn,data,414,.edn,,
816,fish,programming,415,.fish,,fish
817,hoon,programming,560883276,.hoon,,
818,iCalendar,data,98384424,.ics,iCal,
819,jq,programming,905371884,.jq,,gojq; jaq; jq; jqjq; jqq; query-json
820,kvlang,markup,970675279,.kv,,
821,mIRC Script,programming,517654727,.mrc,,
822,mcfunction,programming,462488745,.mcfunction,,
823,mdsvex,markup,566198445,.svx,,
824,mupad,programming,416,.mu,,
825,nanorc,data,775996197,.nanorc,,
826,nesC,programming,417,.nc,,
827,ooc,programming,418,.ooc,,
828,pkg-config,data,925023573,.pc,pkgconf,
829,q,programming,970539067,.q,,
830,reStructuredText,prose,419,.rst,rst,
831,sed,programming,847830017,.sed,,gsed; minised; sed; ssed
832,templ,markup,795579337,.templ,,
833,ucode,programming,365454253,.uc,,ucode
834,vCard,data,851476558,.vcf,virtual contact file; electronic business card,
835,wisp,programming,420,.wisp,,
836,xBase,programming,421,.prg,advpl; clipper; foxpro,
